https://couponscorpion.com/wp-content/uploads/thumbs_dir/b2b-cold-email-course-2022-5-figure-copywriting-blueprint-77yk7j7tm0n0ul6zy3dr874gcjwokzi6p16lo6flztm.jpg,https://couponscorpion.com/business/b2b-cold-email-course-2022-5-figure-copywriting-blueprint/,100% OFF,B2B Cold Email Course 2022 – 5 Figure Copywriting Blueprint,6 seconds ago
https://couponscorpion.com/wp-content/uploads/thumbs_dir/stress-management-and-coping-skills-77yk2xf2gio22pbtw8pq9dyncf5vt9hz5kk0erdfxcq.jpg,https://couponscorpion.com/personal-development/stress-management-and-coping-skills/,100% OFF,Stress Management and Coping Skills,11 mins ago
https://couponscorpion.com/wp-content/uploads/thumbs_dir/how-to-generate-real-estate-buyer-and-seller-leads-6rbali6inrasbcrmocdxnrh9uej4xai5xp4u1cpqv2i.jpg,https://couponscorpion.com/bootstrap-4-tutarial-for-beginners-with-projects/,100% OFF,Learn Microsoft Flow,9 mins ago
https://couponscorpion.com/wp-content/uploads/thumbs_dir/public-speaking-for-women-77yk2u0vfu7ess0re28wrdthf72m3gui1rr7adeh3tm.jpg,https://couponscorpion.com/personal-development/public-speaking-for-women/,100% OFF,Public Speaking for Women,11 mins ago
https://couponscorpion.com/wp-content/uploads/thumbs_dir/remote-speaking-pro-speaking-skills-in-the-coronavirus-era-2-77yk2puh9gpox6etugfwgavfo5f7d99wzv2tll4o3h6.jpg,https://couponscorpion.com/business/remote-speaking-pro-speaking-skills-in-the-coronavirus-era/,100% OFF,Remote Speaking – Pro Speaking Skills in The Coronavirus Era,11 mins ago
https://couponscorpion.com/wp-content/uploads/thumbs_dir/creative-affirmations-class-6rrmsnedtm56elu3xm33msipja870bz0o750gn4ohp6.jpg,https://couponscorpion.com/personal-development/creative-affirmations-class/,FREE,Creative Affirmations Class,2 hours ago
https://couponscorpion.com/wp-content/uploads/thumbs_dir/become-an-android-developer-from-scratch-6yeezpsm6nr2tzgrz85mvd5fkw5up7w8w5yyzt5mv16.jpg,https://couponscorpion.com/development/become-an-android-developer-from-scratch/,FREE,Become An Android Developer From Scratch,4 hours ago
https://couponscorpion.com/wp-content/uploads/thumbs_dir/active-directory-domain-controllers-operations-masters-gc-77yfx7023k0ze8xpmhodtd7r5l2k990e7sgvzo5v82i.jpg,https://couponscorpion.com/it-software/active-directory-domain-controllers-operations-masters-gc/,100% OFF,"Active Directory: Domain Controllers, Operations Masters, GC",6 hours ago
https://couponscorpion.com/wp-content/uploads/thumbs_dir/active-directory-managing-users-accounts-and-properties-77yfx3cgoz7z93j0ru3i1o4ymf4kvbdvsmdk0hfac9m.jpg,https://couponscorpion.com/it-software/active-directory-managing-users-accounts-and-properties/,100% OFF,Active Directory: Managing Users Accounts and Properties,6 hours ago
https://couponscorpion.com/wp-content/uploads/thumbs_dir/active-directory-managing-groups-computers-and-ous-77yfx07o273ouebkm4qqtcxfb4w0tnpg06v9qw7xl0a.jpg,https://couponscorpion.com/it-software/active-directory-managing-groups-computers-and-ous/,100% OFF,"Active Directory: Managing Groups, Computers and OUs",6 hours ago
https://couponscorpion.com/wp-content/uploads/thumbs_dir/ultimate-beginner-yoga-course-77yfwxc9tbbrax7qswi1uqnilsi6g501j4nic3s6w0q.jpg,https://couponscorpion.com/health-fitness/ultimate-beginner-yoga-course/,100% OFF,Ultimate Beginner Yoga Course,6 hours ago
https://couponscorpion.com/wp-content/uploads/thumbs_dir/the-complete-flower-dropshipping-masterclass-wordpress-2023-77yfwu7h6j7gw80an75amffzai9mehblqp582iku4re.jpg,https://couponscorpion.com/business/the-complete-flower-dropshipping-masterclass-wordpress-2023/,100% OFF,The Complete Flower Dropshipping Masterclass- WordPress 2023,6 hours ago
https://couponscorpion.com/wp-content/uploads/thumbs_dir/aws-introduction-77yfwnohj2mj7lhrzbbpw43a1zxsn0zougu4ojeijyy.jpg,https://couponscorpion.com/it-software/aws-introduction/,100% OFF,AWS Introduction,6 hours ago
